User ID,First Name,Last Name,Age,Study Background
1,Elise,Jones,40,Astronomy
2,Penelope,Jones,39,Economics
3,Patrick,Baker,32,Data Structures and Algorithms
4,Christopher,Ivanov,20,Statistics
5,Julia,Yusuf,49,Industrial Engineering
6,Ethan,Morales,30,Cybersecurity
7,Amelia,Johnson,38,Information Technology
8,Claire,Wang,45,Information Technology
9,Jason,Hill,59,Mathematics
10,Jack,Miller,43,Information Technology
11,Jonathan,Smirnov,52,Artificial Intelligence
12,Noah,King,47,Operations Management
13,Cameron,Adams,27,Economics
14,Lily,Pedersen,36,Statistics
15,Harper,Suzuki,31,Computer Engineering
16,Emily,Mendes,45,Software Engineering
17,Scarlett,Roberts,23,Business Administration
18,Charlotte,White,28,Data Science
19,Robert,Novak,33,Web Development
20,David,Ivanov,63,Data Structures and Algorithms
21,Victoria,Lewis,22,Statistics
22,Jackson,Walker,43,Game Design
23,Amelia,Ferreira,52,Management Information Systems
24,Cameron,Baker,55,Statistics
25,Anthony,Clark,36,Business Analytics
26,Rachel,O'Connor,39,Statistics
27,Oliver,Popov,66,Operations Management
28,Gabriel,Kim,31,Economics
29,Rebecca,Volkov,34,Industrial Engineering
30,Amelia,Allen,22,Economics
31,Faith,Dubois,34,Artificial Intelligence
32,Madison,Ferreira,45,Software Engineering
33,Samuel,Gonzalez,52,Economics
34,Sophie,Perez,47,Physics
35,Elijah,Nguyen,26,Data Science
36,Edward,Takahashi,18,Cybersecurity
37,Noah,Ferreira,38,Cybersecurity
38,Anthony,Lopez,31,Statistics
39,Aiden,Popov,35,Organizational Leadership
40,Noah,Johnson,39,Software Development
41,Madison,Ramirez,51,Software Development
42,James,Kim,54,Artificial Intelligence
43,Jackson,Silva,27,Artificial Intelligence
44,Lily,Larsen,53,Mathematics
45,Samuel,Larsen,27,Astronomy
46,Samuel,Nielsen,35,Software Development
47,Adrian,O'Connor,23,Biology
48,Catherine,Perez,18,Computer Engineering
49,Rosie,Johnson,59,Software Development
50,Brandon,Adams,28,Economics
51,Scarlett,Smith,28,Computer Engineering
52,Aiden,Popov,32,Statistics
53,Adrian,Zhang,36,Industrial Engineering
54,Mia,White,35,Biology
55,Edward,Campbell,32,Industrial Engineering
56,Joseph,Morales,42,Organizational Leadership
57,Amelia,Roberts,59,Cybersecurity
58,Oliver,Novak,44,Business Analytics
59,Alice,Green,18,Computer Engineering
60,Aiden,Moore,35,Computer Science
61,Dylan,Kim,26,Business Analytics
62,David,Davis,39,Game Design
63,William,Kawasaki,21,Business Analytics
64,Catherine,Popov,31,Cybersecurity
65,Aiden,Campbell,30,Business Analytics
66,Aiden,Williams,46,Operations Management
67,Arthur,Patel,38,Software Engineering
68,Jayden,Dubois,55,Industrial Engineering
69,Finn,Smirnov,18,Computer Engineering
70,Sarah,Ferreira,61,Software Engineering
71,Henry,Moreau,56,Game Design
72,Luke,Boucher,40,Statistics
73,Alice,Kumar,40,Mathematics
74,Nathan,Gonzalez,67,Artificial Intelligence
75,Robert,Morales,32,Business Administration
76,Rachel,Johnson,20,Business Analytics
77,Adam,Lewis,31,Web Development
78,Anthony,Ramirez,60,Statistics
79,Isabella,Ferreira,43,Software Engineering
80,Joseph,Wilson,43,Business Analytics
81,Emma,Thomas,65,Management Information Systems
82,Adam,Sharma,38,Organizational Leadership
83,Claire,Boucher,62,Business Administration
84,Sean,Boucher,38,Data Science
85,Rachel,Larsen,24,Computer Science
86,Catherine,Suzuki,26,Software Engineering
87,Noah,Gonzalez,52,Organizational Leadership
88,Claire,Miller,66,Business Administration
89,Nathan,Ramirez,57,Mathematics
90,Finn,Smith,27,Mathematics
91,Finn,Scott,38,Organizational Leadership
92,Richard,Ramirez,57,Operations Management
93,Catherine,Sanchez,32,Organizational Leadership
94,Logan,Costa,62,Business Administration
95,William,Ramirez,33,Biology
96,Luke,Wang,58,Biology
97,Sean,Smith,67,Industrial Engineering
98,Mason,Wilson,23,Game Design
99,Lucas,Nelson,28,Web Development
100,Charlotte,Wilson,30,Economics
101,Jack,Allen,21,Cybersecurity
102,Grace,Lee,35,Business Analytics
103,Thomas,Larsen,69,Data Structures and Algorithms
104,Penelope,Miller,32,Astronomy
105,Brandon,Silva,24,Artificial Intelligence
106,Oliver,Green,27,Artificial Intelligence
107,Joshua,Williams,47,Mathematics
108,Andrew,Murphy,59,Organizational Leadership
109,Peter,Volkov,51,Business Analytics
110,Aiden,Morales,28,Data Science
111,Anna,Johnson,18,Artificial Intelligence
112,Charlotte,Sanchez,53,Data Science
113,Benjamin,Flores,54,Software Development
114,Katherine,Clark,48,Web Development
115,Isabella,Young,58,Game Design
116,Adam,Garcia,59,Biology
117,Oliver,Johnson,55,Game Design
118,Noah,Roberts,23,Data Science
119,Jason,Thomas,33,Organizational Leadership
120,Elijah,Smirnov,65,Business Administration
121,Henry,Thomas,30,Physics
122,Samuel,Yusuf,18,Artificial Intelligence
123,Elijah,Johansen,43,Business Administration
124,Matthew,Gonzalez,18,Computer Engineering
125,Barbara,Garcia,26,Industrial Engineering
126,Daniel,Nelson,62,Business Administration
127,Sophie,Hassan,39,Biology
128,Oliver,Lewis,29,Physics
129,Catherine,Sanchez,57,Cybersecurity
130,Adam,Ferreira,18,Software Engineering
131,Ryan,Nelson,49,Economics
132,Xavier,Clark,26,Economics
133,Aiden,Hall,62,Operations Management
134,Owen,Martin,57,Business Administration
135,Brandon,Walker,31,Software Development
136,Matthew,Pedersen,31,Information Technology
137,Simon,Zhang,27,Economics
138,Isaac,Torres,38,Software Engineering
139,Alice,Rivera,37,Physics
140,Olivia,Silva,36,Mathematics
141,Lily,Costa,52,Business Analytics
142,Chloe,Mendes,22,Physics
143,Peter,Takahashi,40,Software Development
144,Arthur,Wilson,66,Business Administration
145,Dylan,Jones,49,Mathematics
146,Brian,Lee,25,Operations Management
147,Lucas,Rodriguez,68,Computer Engineering
148,William,Campbell,23,Game Design
149,Robert,Carter,27,Biology
150,Jayden,Ivanov,53,Web Development
151,Abigail,Moore,21,Astronomy
152,Logan,Baker,60,Mathematics
153,Finn,Takahashi,43,Business Analytics
154,Patrick,Wang,58,Data Structures and Algorithms
155,Elizabeth,Hernandez,46,Physics
156,Rebecca,Moreau,34,Mathematics
157,James,Patel,43,Astronomy
158,Christopher,Rivera,58,Statistics
159,Sean,Smirnov,32,Artificial Intelligence
160,Ethan,Campbell,51,Operations Management
161,Maxwell,Thompson,18,Data Science
162,Aiden,Popov,47,Operations Management
163,Savannah,Miller,25,Cybersecurity
164,Alice,Gupta,18,Artificial Intelligence
165,Charlotte,Perez,39,Artificial Intelligence
166,Eleanor,Murphy,62,Artificial Intelligence
167,Emily,Harris,44,Economics
168,Victoria,Jones,32,Artificial Intelligence
169,Andrew,Jackson,53,Industrial Engineering
170,Penelope,Williams,48,Economics
171,Daniel,Flores,18,Economics
172,Joseph,Novak,24,Computer Engineering
173,Xavier,Suzuki,56,Economics
